id,text,family,person,function,aux_or_verb,answer,distractor_semantic,distractor_person,distractor_structure,active,notes
Q0001,Pourquoi avez-vous choisi de,pourquoi,vous,raison,avez choisi,您为什么选择……,您什么时候选择……|您怎么选择……,他为什么选择……|他们为什么选择……,您是否选择……|您是不是选择……,1,
Q0002,Pourquoi avez-vous décidé de,pourquoi,vous,raison,avez décidé,您为什么决定……,您什么时候决定……|您怎么决定……,他为什么决定……|他们为什么决定……,您是否决定……|您是不是决定……,1,
Q0003,Pourquoi avez-vous accepté de,pourquoi,vous,raison,avez accepté,您为什么同意……,您什么时候同意……|您怎么同意……,他为什么同意……|他们为什么同意……,您是否同意……|您是不是同意……,1,
Q0004,Pourquoi avez-vous refusé de,pourquoi,vous,raison,avez refusé,您为什么拒绝……,您什么时候拒绝……|您怎么拒绝……,他为什么拒绝……|他们为什么拒绝……,您是否拒绝……|您是不是拒绝……,1,
Q0005,Pourquoi avez-vous commencé à,pourquoi,vous,raison,avez commencé,您为什么开始……,您什么时候开始……|您怎么开始……,他为什么开始……|他们为什么开始……,您是否开始……|您是不是开始……,1,
Q0006,Pourquoi avez-vous arrêté de,pourquoi,vous,raison,avez arrêté,您为什么停止……,您什么时候停止……|您怎么停止……,他为什么停止……|他们为什么停止……,您是否停止……|您是不是停止……,1,
Q0007,Pourquoi avez-vous changé de,pourquoi,vous,raison,avez changé,您为什么更换……,您什么时候更换……|您怎么更换……,他为什么更换……|他们为什么更换……,您是否更换……|您是不是更换……,1,
Q0008,Pourquoi avez-vous quitté,pourquoi,vous,raison,avez quitté,您为什么离开……,您什么时候离开……|您怎么离开……,他为什么离开……|他们为什么离开……,您是否离开……|您是不是离开……,1,
Q0009,Pourquoi êtes-vous venu,pourquoi,vous,raison,êtes venu,您为什么来……,您什么时候来……|您怎么来……,他为什么来……|他们为什么来……,您是否来……|您是不是来……,1,
Q0010,Pourquoi êtes-vous parti,pourquoi,vous,raison,êtes parti,您为什么离开……,您什么时候离开……|您怎么离开……,他为什么离开……|他们为什么离开……,您是否离开……|您是不是离开……,1,
Q0011,Pourquoi allez-vous demander,pourquoi,vous,raison,allez demander,您为什么要询问……,您什么时候要询问……|您打算怎么询问……,他为什么要询问……|他们为什么要询问……,您是否要询问……|您是不是要询问……,1,
Q0012,Pourquoi allez-vous changer,pourquoi,vous,raison,allez changer,您为什么要改变……,您什么时候要改变……|您打算怎么改变……,他为什么要改变……|他们为什么要改变……,您是否要改变……|您是不是要改变……,1,
Q0013,Pourquoi voulez-vous participer à,pourquoi,vous,raison,voulez participer,您为什么想参加……,您什么时候想参加……|您打算怎么参加……,他为什么想参加……|他们为什么想参加……,您是否想参加……|您是不是想参加……,1,
Q0014,Pourquoi voulez-vous travailler,pourquoi,vous,raison,voulez travailler,您为什么想工作……,您什么时候想工作……|您打算怎么工作……,他为什么想工作……|他们为什么想工作……,您是否想工作……|您是不是想工作……,1,
Q0015,Pourquoi devez-vous partir,pourquoi,vous,raison,devez partir,您为什么必须离开……,您什么时候必须离开……|您打算怎么离开……,他为什么必须离开……|他们为什么必须离开……,您是否必须离开……|您是不是必须离开……,1,
Q0016,Pourquoi avez-vous dû annuler,pourquoi,vous,raison,avez dû annuler,您为什么不得不取消……,您什么时候取消……|您打算怎么处理取消后的安排……,他为什么不得不取消……|他们为什么不得不取消……,您是否不得不取消……|您是不是不得不取消……,1,
Q0017,Pourquoi avez-vous dû attendre,pourquoi,vous,raison,avez dû attendre,您为什么不得不等待……,您等了多久……|您打算怎么安排等待时间……,他为什么不得不等待……|他们为什么不得不等待……,您是否不得不等待……|您是不是不得不等待……,1,
Q0018,Pourquoi ne pouvez-vous pas venir,pourquoi,vous,raison,ne pouvez pas venir,您为什么不能来……,您什么时候能来……|您打算怎么来……,他为什么不能来……|他们为什么不能来……,您是否不能来……|您是不是不能来……,1,
Q0019,Pourquoi ne voulez-vous pas,pourquoi,vous,raison,ne voulez pas,您为什么不想……,您什么时候不想……|您打算怎么处理……,他为什么不想……|他们为什么不想……,您是否不想……|您是不是不想……,1,
Q0020,Pourquoi ne souhaitez-vous pas,pourquoi,vous,raison,ne souhaitez pas,您为什么不希望……,您什么时候不希望……|您打算怎么处理……,他为什么不希望……|他们为什么不希望……,您是否不希望……|您是不是不希望……,1,
Q0021,Pourquoi n'êtes-vous pas venu,pourquoi,vous,raison,n'êtes pas venu,您为什么没有来……,您什么时候来……|您是怎么来的……,他为什么没有来……|他们为什么没有来……,您是否没有来……|您是不是没有来……,1,
Q0022,Pourquoi n'avez-vous pas répondu,pourquoi,vous,raison,n'avez pas répondu,您为什么没有回复……,您什么时候回复……|您是怎么回复……的,他为什么没有回复……|他们为什么没有回复……,您是否没有回复……|您是不是没有回复……,1,
Q0023,Pourquoi n'avez-vous pas pu venir,pourquoi,vous,raison,n'avez pas pu venir,您为什么没能来……,您什么时候来……|您是怎么来的……,他为什么没能来……|他们为什么没能来……,您是否没能来……|您是不是没能来……,1,
Q0024,Pourquoi n'avez-vous pas pu terminer,pourquoi,vous,raison,n'avez pas pu terminer,您为什么没能完成……,您什么时候完成……|您是怎么完成……的,他为什么没能完成……|他们为什么没能完成……,您是否没能完成……|您是不是没能完成……,1,
Q0025,Pourquoi n'y êtes-vous pas allé,pourquoi,vous,raison,n'y êtes pas allé,您为什么没有去那里……,您什么时候去那里……|您是怎么去那里的……,他为什么没有去那里……|他们为什么没有去那里……,您是否没有去那里……|您是不是没有去那里……,1,
Q0026,Pourquoi ne lui avez-vous pas parlé,pourquoi,vous,raison,ne lui avez pas parlé,您为什么没有跟他/她说……,您什么时候跟他/她说……|您是怎么跟他/她说的……,他为什么没有跟他/她说……|他们为什么没有跟他/她说……,您是否没有跟他/她说……|您是不是没有跟他/她说……,1,
Q0027,Pourquoi ne vous êtes-vous pas inscrit,pourquoi,vous,raison,ne vous êtes pas inscrit,您为什么没有报名……,您什么时候报名……|您是怎么报名的……,他为什么没有报名……|他们为什么没有报名……,您是否没有报名……|您是不是没有报名……,1,
Q0028,Pourquoi vous êtes-vous inscrit à,pourquoi,vous,raison,vous êtes inscrit,您为什么报名参加……,您什么时候报名参加……|您怎么报名参加……,他为什么报名参加……|他们为什么报名参加……,您是否报名参加……|您是不是报名参加……,1,
Q0029,Pourquoi vous êtes-vous intéressé à,pourquoi,vous,raison,vous êtes intéressé,您为什么对……产生兴趣,您什么时候对……产生兴趣|您怎么对……产生兴趣,他为什么对……产生兴趣|他们为什么对……产生兴趣,您是否对……产生兴趣|您是不是对……产生兴趣,1,
Q0030,Pourquoi vous êtes-vous adressé à,pourquoi,vous,raison,vous êtes adressé,您为什么找……咨询/求助,您什么时候找……咨询/求助|您怎么找……咨询/求助,他为什么找……咨询/求助|他们为什么找……咨询/求助,您是否找……咨询/求助|您是不是找……咨询/求助,1,
Q0031,Pour quelle raison avez-vous choisi,pour_quelle_raison,vous,raison,avez choisi,您出于什么原因选择……,您什么时候选择……|您是怎么选择的……,他出于什么原因选择……|他们出于什么原因选择……,您是否选择……|您是不是已经选择……,1,
Q0032,Pour quelle raison souhaitez-vous changer,pour_quelle_raison,vous,raison,souhaitez changer,您出于什么原因想改变……,您什么时候想改变……|您打算怎么改变……,他出于什么原因想改变……|他们出于什么原因想改变……,您是否想改变……|您是不是已经决定改变……,1,
Q0033,"Selon vous, pourquoi est-ce important de",pourquoi_opinion,vous,raison,est important,您认为为什么……很重要,您认为……什么时候最重要|您认为应该怎么……,他认为为什么……很重要|他们认为为什么……很重要,您是否认为……很重要|您是不是认为……很重要,1,
Q0034,"D'après vous, pourquoi faut-il",pourquoi_opinion,vous,raison,faut,您认为为什么必须……,您认为应该什么时候……|您认为应该怎么……,他认为为什么必须……|他们认为为什么必须……,您是否认为必须……|您是不是认为应该……,1,
Q0035,Pourquoi est-ce que vous avez décidé de,pourquoi_estceque,vous,raison,avez décidé,您为什么决定……,您什么时候决定……|您怎么决定……,他为什么决定……|他们为什么决定……,您是否决定……|您是不是决定……,1,
Q0036,Pourquoi est-ce que vous voulez,pourquoi_estceque,vous,raison,voulez,您为什么想……,您什么时候想……|您怎么想……,他为什么想……|他们为什么想……,您是否想……|您是不是想……,1,
Q0037,Pourquoi est-ce que vous n'avez pas,pourquoi_estceque,vous,raison,n'avez pas,您为什么没有……,您什么时候……|您是怎么……的,他为什么没有……|他们为什么没有……,您是否没有……|您是不是还没有……,1,
Q0038,Pourquoi est-ce que vous devez,pourquoi_estceque,vous,raison,devez,您为什么必须……,您什么时候必须……|您打算怎么……,他为什么必须……|他们为什么必须……,您是否必须……|您是不是必须……,1,
Q0039,Pourquoi a-t-il décidé de,pourquoi_inversion,il,raison,a décidé,他为什么决定……,他什么时候决定……|他怎么决定……,您为什么决定……|他们为什么决定……,他是否决定……|他是不是决定……,1,
Q0040,Pourquoi a-t-il refusé de,pourquoi_inversion,il,raison,a refusé,他为什么拒绝……,他什么时候拒绝……|他怎么拒绝……,您为什么拒绝……|他们为什么拒绝……,他是否拒绝……|他是不是拒绝……,1,
Q0041,Pourquoi est-il parti,pourquoi_inversion,il,raison,est parti,他为什么离开……,他什么时候离开……|他怎么离开……,您为什么离开……|他们为什么离开……,他是否离开……|他是不是离开……,1,
Q0042,Pourquoi n'est-il pas venu,pourquoi_inversion,il,raison,n'est pas venu,他为什么没有来……,他什么时候来……|他是怎么来的……,您为什么没有来……|他们为什么没有来……,他是否没有来……|他是不是还没来……,1,
Q0043,Pourquoi a-t-elle changé de,pourquoi_inversion,elle,raison,a changé,她为什么更换……,她什么时候更换……|她怎么更换……,您为什么更换……|他们为什么更换……,她是否更换……|她是不是更换……,1,
Q0044,Pourquoi n'a-t-elle pas répondu,pourquoi_inversion,elle,raison,n'a pas répondu,她为什么没有回复……,她什么时候回复……|她是怎么回复的……,您为什么没有回复……|他们为什么没有回复……,她是否没有回复……|她是不是还没回复……,1,
Q0045,Pourquoi ont-ils décidé de,pourquoi_inversion,ils,raison,ont décidé,他们为什么决定……,他们什么时候决定……|他们怎么决定……,您为什么决定……|他为什么决定……,他们是否决定……|他们是不是决定……,1,
Q0046,Pourquoi sont-ils partis,pourquoi_inversion,ils,raison,sont partis,他们为什么离开……,他们什么时候离开……|他们怎么离开……,您为什么离开……|他为什么离开……,他们是否离开……|他们是不是离开……,1,
Q0047,Pourquoi n'ont-ils pas accepté,pourquoi_inversion,ils,raison,n'ont pas accepté,他们为什么没有接受……,他们什么时候接受……|他们是怎么处理的……,您为什么没有接受……|他为什么没有接受……,他们是否没有接受……|他们是不是还没接受……,1,
Q0048,Pourquoi devons-nous,pourquoi_inversion,nous,raison,devons,我们为什么必须……,我们什么时候必须……|我们应该怎么……,您为什么必须……|他们为什么必须……,我们是否必须……|我们是不是必须……,1,
Q0049,Pourquoi est-ce qu'on doit,pourquoi_estceque,on,raison,doit,为什么必须……,什么时候必须……|应该怎么……,您为什么必须……|他们为什么必须……,是否必须……|是不是应该……,1,
Q0050,Pourquoi est-ce que je dois,pourquoi_estceque,je,raison,dois,我为什么必须……,我什么时候必须……|我应该怎么……,您为什么必须……|他为什么必须……,我是否必须……|我是不是必须……,1,
Q0051,Quand avez-vous commencé à,quand,vous,temps,avez commencé,您什么时候开始……,您为什么开始……|您在哪里开始……,他什么时候开始……|他们什么时候开始……,您是否开始……|您是不是已经开始……,1,
Q0052,Quand avez-vous décidé de,quand,vous,temps,avez décidé,您什么时候决定……,您为什么决定……|您在哪里决定……,他什么时候决定……|他们什么时候决定……,您是否决定……|您是不是已经决定……,1,
Q0053,Quand avez-vous appris que,quand,vous,temps,avez appris,您什么时候得知……,您为什么得知……|您在哪里得知……,他什么时候得知……|他们什么时候得知……,您是否得知……|您是不是已经得知……,1,
Q0054,Quand avez-vous reçu,quand,vous,temps,avez reçu,您什么时候收到……,您为什么收到……|您在哪里收到……,他什么时候收到……|他们什么时候收到……,您是否收到……|您是不是已经收到……,1,
Q0055,Quand avez-vous réservé,quand,vous,temps,avez réservé,您什么时候预订……,您为什么预订……|您在哪里预订……,他什么时候预订……|他们什么时候预订……,您是否预订……|您是不是已经预订……,1,
Q0056,Quand allez-vous partir,quand,vous,temps,allez partir,您什么时候出发……,您为什么出发……|您在哪里出发……,他什么时候出发……|他们什么时候出发……,您是否出发……|您是不是已经出发……,1,
Q0057,Quand allez-vous revenir,quand,vous,temps,allez revenir,您什么时候回来……,您为什么回来……|您在哪里回来……,他什么时候回来……|他们什么时候回来……,您是否回来……|您是不是已经回来……,1,
Q0058,Quand pourrez-vous venir,quand,vous,temps,pourrez venir,您什么时候能来……,您为什么能来……|您在哪里能来……,他什么时候能来……|他们什么时候能来……,您是否能来……|您是不是已经能来……,1,
Q0059,Quand devrez-vous rendre,quand,vous,temps,devrez rendre,您什么时候必须归还……,您为什么必须归还……|您在哪里必须归还……,他什么时候必须归还……|他们什么时候必须归还……,您是否必须归还……|您是不是已经归还……,1,
Q0060,Quand comptez-vous commencer,quand,vous,temps,comptez commencer,您什么时候打算开始……,您为什么打算开始……|您在哪里打算开始……,他什么时候打算开始……|他们什么时候打算开始……,您是否打算开始……|您是不是已经打算开始……,1,
Q0061,Quand souhaitez-vous venir,quand,vous,temps,souhaitez venir,您什么时候希望来……,您为什么希望来……|您在哪里希望来……,他什么时候希望来……|他们什么时候希望来……,您是否希望来……|您是不是已经希望来……,1,
Q0062,À quel moment avez-vous compris,a_quel_moment,vous,temps,avez compris,您什么时候明白……,您为什么明白……|您在哪里明白……,他什么时候明白……|他们什么时候明白……,您是否明白……|您是不是已经明白……,1,
Q0063,À quel moment faut-il arriver,a_quel_moment,on,temps,faut arriver,应该什么时候到达……,为什么需要到达……|应该在哪里到达……,您应该什么时候到达……|他们应该什么时候到达……,是否需要按时到达……|是不是已经到达……,1,
Q0064,Quand est-il arrivé,quand,il,temps,est arrivé,他什么时候到达……,他为什么到达……|他在哪里到达……,您什么时候到达……|他们什么时候到达……,他是否到达……|他是不是已经到达……,1,
Q0065,Quand ont-ils commencé,quand,ils,temps,ont commencé,他们什么时候开始……,他们为什么开始……|他们在哪里开始……,您什么时候开始……|他什么时候开始……,他们是否开始……|他们是不是已经开始……,1,
Q0066,Depuis quand travaillez-vous ici,depuis_quand,vous,temps_debut,travaillez,您从什么时候开始在这里工作……,您为什么在这里工作……|您在这里工作多久了……,他从什么时候开始在这里工作……|他们从什么时候开始在这里工作……,您是否一直在这里工作……|您现在是否还在这里工作……,1,
Q0067,Depuis quand habitez-vous ici,depuis_quand,vous,temps_debut,habitez,您从什么时候开始住在这里……,您为什么住在这里……|您住在这里多久了……,他从什么时候开始住在这里……|他们从什么时候开始住在这里……,您是否一直住在这里……|您现在是否还住在这里……,1,
Q0068,Depuis quand connaissez-vous cette personne,depuis_quand,vous,temps_debut,connaissez,您从什么时候开始认识这个人……,您为什么认识这个人……|您认识这个人多久了……,他从什么时候开始认识这个人……|他们从什么时候开始认识这个人……,您是否一直认识这个人……|您现在是否还和这个人有联系……,1,
Q0069,Depuis quand utilisez-vous ce service,depuis_quand,vous,temps_debut,utilisez,您从什么时候开始使用这项服务……,您为什么使用这项服务……|您使用这项服务多久了……,他从什么时候开始使用这项服务……|他们从什么时候开始使用这项服务……,您是否一直使用这项服务……|您现在是否还在使用这项服务……,1,
Q0070,Depuis quand vous intéressez-vous à ce sujet,depuis_quand,vous,temps_debut,vous intéressez,您从什么时候开始关注这个话题……,您为什么关注这个话题……|您关注这个话题多久了……,他从什么时候开始关注这个话题……|他们从什么时候开始关注这个话题……,您是否一直关注这个话题……|您现在是否仍然关注这个话题……,1,
Q0071,Depuis quand êtes-vous au courant de ce problème,depuis_quand,vous,temps_debut,êtes au courant,您从什么时候开始知道这个问题……,您为什么知道这个问题……|您知道这个问题多久了……,他从什么时候开始知道这个问题……|他们从什么时候开始知道这个问题……,您是否一直知道这个问题……|您现在是否仍然了解这个问题……,1,
Q0072,Depuis quand est-il responsable de ce projet,depuis_quand,il,temps_debut,est responsable,他从什么时候开始负责这个项目……,他为什么负责这个项目……|他负责这个项目多久了……,您从什么时候开始负责这个项目……|他们从什么时候开始负责这个项目……,他是否一直负责这个项目……|他现在是否仍然负责这个项目……,1,
Q0073,Depuis quand travaille-t-elle ici,depuis_quand,elle,temps_debut,travaille,她从什么时候开始在这里工作……,她为什么在这里工作……|她在这里工作多久了……,您从什么时候开始在这里工作……|他们从什么时候开始在这里工作……,她是否一直在这里工作……|她现在是否还在这里工作……,1,
Q0074,Depuis combien de temps travaillez-vous ici,duree,vous,duree,travaillez,您在这里工作多久了……,您从什么时候开始在这里工作……|您多久来这里工作一次……,他在这里工作多久了……|他们在这里工作多久了……,您是否一直在这里工作……|您是不是还在这里工作……,1,
Q0075,Depuis combien de temps habitez-vous dans cette ville,duree,vous,duree,habitez,您在这座城市住多久了……,您从什么时候开始住在这座城市……|您为什么住在这座城市……,他在这座城市住多久了……|他们在这座城市住多久了……,您是否一直住在这座城市……|您是不是还住在这座城市……,1,
Q0076,Depuis combien de temps apprenez-vous le français,duree,vous,duree,apprenez,您学法语多久了……,您从什么时候开始学法语……|您多久学一次法语……,他学法语多久了……|他们学法语多久了……,您是否一直在学法语……|您是不是还在学法语……,1,
Q0077,Depuis combien de temps attendez-vous,duree,vous,duree,attendez,您等了多久……,您从什么时候开始等……|您为什么在等……,他等了多久……|他们等了多久……,您是否还在等……|您是不是已经等到了……,1,
Q0078,Depuis combien de temps êtes-vous ici,duree,vous,duree,êtes,您在这里多久了……,您是什么时候到这里的……|您为什么在这里……,他在这里多久了……|他们在这里多久了……,您是否还在这里……|您是不是一直在这里……,1,
Q0079,Depuis combien de temps se connaissent-ils,duree,ils,duree,se connaissent,他们认识多久了……,他们从什么时候开始认识的……|他们为什么认识……,您认识多久了……|他认识多久了……,他们是否一直认识……|他们是不是还保持联系……,1,
Q0080,Pendant combien de temps avez-vous travaillé là-bas,duree,vous,duree,avez travaillé,您在那里工作了多久……,您什么时候开始在那里工作……|您为什么在那里工作……,他在那里工作了多久……|他们在那里工作了多久……,您是否在那里工作过……|您是不是已经离开那里……,1,
Q0081,Pendant combien de temps êtes-vous resté sur place,duree,vous,duree,êtes resté,您在那里停留了多久……,您什么时候到那里的……|您为什么留在那里……,他在那里停留了多久……|他们在那里停留了多久……,您是否一直留在那里……|您是不是已经离开那里……,1,
Q0082,Pendant combien de temps allez-vous rester,duree,vous,duree,allez rester,您将停留多久……,您什么时候离开……|您为什么要留下……,他将停留多久……|他们将停留多久……,您是否会留下……|您是不是准备长期留下……,1,
Q0083,Combien de temps faut-il pour terminer,duree,on,duree,faut,完成……需要多久,什么时候能完成……|为什么需要这么久……,您完成……需要多久|他们完成……需要多久,是否能够完成……|是不是已经完成……,1,
Q0084,À quelle fréquence utilisez-vous ce service,frequence,vous,frequence,utilisez,您多久使用一次这项服务……,您从什么时候开始使用这项服务……|您为什么使用这项服务……,他多久使用一次这项服务……|他们多久使用一次这项服务……,您是否经常使用这项服务……|您是不是每天都使用这项服务……,1,
Q0085,À quelle fréquence venez-vous ici,frequence,vous,frequence,venez,您多久来这里一次……,您从什么时候开始来这里……|您为什么来这里……,他多久来这里一次……|他们多久来这里一次……,您是否经常来这里……|您是不是每周都来这里……,1,
Q0086,À quelle fréquence doit-on renouveler ce document,frequence,on,frequence,doit renouveler,这个文件多久需要更新一次……,这个文件从什么时候开始需要更新……|为什么需要更新这个文件……,您这个文件多久需要更新一次……|他们这个文件多久需要更新一次……,这个文件是否需要定期更新……|这个文件是不是每年都要更新……,1,
Q0087,Combien de fois avez-vous essayé de,frequence,vous,frequence,avez essayé,您试过多少次……,您什么时候试过……|您为什么尝试……,他试过多少次……|他们试过多少次……,您是否已经试过……|您是不是只试过一次……,1,
Q0088,Combien de fois êtes-vous venu ici,frequence,vous,frequence,êtes venu,您来过这里多少次……,您什么时候来过这里……|您为什么来这里……,他来过这里多少次……|他们来过这里多少次……,您是否以前来过这里……|您是不是只来过一次……,1,
Q0089,Combien de fois par semaine travaillez-vous à distance,frequence,vous,frequence,travaillez,您每周远程工作几次……,您从什么时候开始远程工作……|您为什么远程工作……,他每周远程工作几次……|他们每周远程工作几次……,您是否每周都远程工作……|您是不是经常远程工作……,1,
Q0090,Combien de fois faut-il répéter cette opération,frequence,on,frequence,faut répéter,这个操作需要重复多少次……,这个操作什么时候需要重复……|为什么需要重复这个操作……,您这个操作需要重复多少次……|他们这个操作需要重复多少次……,这个操作是否需要重复……|这个操作是不是只需要做一次……,1,
Q0091,Où habitez-vous,ou,vous,lieu,habitez,您住在哪里……,您什么时候住……|您为什么住……,他住在哪里……|他们住在哪里……,您是否住……|您是不是已经住……,1,
Q0092,Où travaillez-vous,ou,vous,lieu,travaillez,您在哪里工作……,您什么时候工作……|您为什么工作……,他在哪里工作……|他们在哪里工作……,您是否工作……|您是不是已经工作……,1,
Q0093,Où avez-vous trouvé,ou,vous,lieu,avez trouvé,您在哪里找到……,您什么时候找到……|您为什么找到……,他在哪里找到……|他们在哪里找到……,您是否找到……|您是不是已经找到……,1,
Q0094,Où avez-vous acheté,ou,vous,lieu,avez acheté,您在哪里购买……,您什么时候购买……|您为什么购买……,他在哪里购买……|他们在哪里购买……,您是否购买……|您是不是已经购买……,1,
Q0095,Où avez-vous rencontré,ou,vous,lieu,avez rencontré,您在哪里遇到……,您什么时候遇到……|您为什么遇到……,他在哪里遇到……|他们在哪里遇到……,您是否遇到……|您是不是已经遇到……,1,
Q0096,Où avez-vous garé votre voiture,ou,vous,lieu,avez garé,您在哪里停车……,您什么时候停车……|您为什么停车……,他在哪里停车……|他们在哪里停车……,您是否停车……|您是不是已经停车……,1,
Q0097,Où allez-vous séjourner,ou,vous,lieu,allez séjourner,您将住在哪里……,您什么时候住宿……|您为什么住宿……,他将住在哪里……|他们将住在哪里……,您是否住宿……|您是不是已经住宿……,1,
Q0098,Où allez-vous travailler,ou,vous,lieu,allez travailler,您将在哪里工作……,您什么时候工作……|您为什么工作……,他将在哪里工作……|他们将在哪里工作……,您是否工作……|您是不是已经工作……,1,
Q0099,Où souhaitez-vous aller,ou,vous,lieu,souhaitez aller,您想去哪里……,您什么时候想去……|您为什么想去……,他想去哪里……|他们想去哪里……,您是否已经决定去哪里……|您是不是准备出发……,1,
Q0100,Où faut-il déposer le dossier,ou,on,lieu,faut déposer,应该在哪里提交材料……,人们什么时候提交材料……|人们为什么提交材料……,您应该在哪里提交材料……|他们应该在哪里提交材料……,人们是否提交材料……|人们是不是已经提交材料……,1,
Q0101,Où peut-on acheter les billets,ou,on,lieu,peut acheter,可以在哪里买票……,人们什么时候购买票……|人们为什么购买票……,您可以在哪里买票……|他们可以在哪里买票……,人们是否购买票……|人们是不是已经购买票……,1,
Q0102,Où doit-on attendre,ou,on,lieu,doit attendre,应该在哪里等待……,人们什么时候等待……|人们为什么等待……,您应该在哪里等待……|他们应该在哪里等待……,人们是否等待……|人们是不是已经等待……,1,
Q0103,D'où venez-vous,dou,vous,origine,venez,您从哪里来……,您要去哪里……|您为什么来这里……,他从哪里来……|他们从哪里来……,您是否来自这里……|您是不是刚到这里……,1,
Q0104,D'où partez-vous,dou,vous,origine,partez,您从哪里出发……,您要去哪里……|您为什么从这里出发……,他从哪里出发……|他们从哪里出发……,您是否已经出发……|您是不是从这里出发……,1,
Q0105,D'où avez-vous entendu parler de ce service,dou,vous,origine,avez entendu parler,您是从哪里听说这项服务的……,您是什么时候听说这项服务的……|您为什么关注这项服务……,他是从哪里听说这项服务的……|他们是从哪里听说这项服务的……,您是否以前听说过这项服务……|您是不是刚知道这项服务……,1,
Q0106,D'où vient ce problème,dou,on,origine,vient,这个问题来自哪里……,这个问题什么时候出现……|这个问题为什么会出现……,您这个问题来自哪里……|他们这个问题来自哪里……,这个问题是否存在……|这个问题是不是已经出现……,1,
Q0107,Jusqu'où pouvez-vous aller,lieu_complexe,vous,lieu,pouvez aller,您最远能到哪里……,您什么时候出发……|您为什么要走这么远……,他最远能到哪里……|他们最远能到哪里……,您是否还能继续前进……|您是不是已经到达终点……,1,
Q0108,Jusqu'où faut-il marcher,lieu_complexe,on,lieu,faut marcher,最远需要走到哪里……,需要走多久……|为什么需要步行……,您最远需要走到哪里……|他们最远需要走到哪里……,是否还需要继续走……|是不是已经走到了……,1,
Q0109,Par où êtes-vous passé,lieu_complexe,vous,lieu,êtes passé,您是从哪条路经过的……,您是什么时候经过这里的……|您为什么走这条路……,他是从哪条路经过的……|他们是从哪条路经过的……,您是否经过这里……|您是不是从另一条路来的……,1,
Q0110,Par où faut-il entrer,lieu_complexe,on,lieu,faut entrer,应该从哪里进入……,应该什么时候进入……|为什么从这里进入……,您应该从哪里进入……|他们应该从哪里进入……,是否可以从这里进入……|是不是必须从这里进入……,1,
Q0111,Dans quel quartier habitez-vous,lieu_complexe,vous,lieu,habitez,您住在哪个街区……,您什么时候搬到这里……|您为什么住在这个街区……,他住在哪个街区……|他们住在哪个街区……,您是否还住在这个街区……|您是不是准备搬走……,1,
Q0112,Dans quelle ville avez-vous étudié,lieu_complexe,vous,lieu,avez étudié,您曾在哪座城市学习……,您什么时候在这里学习……|您为什么去那座城市学习……,他曾在哪座城市学习……|他们曾在哪座城市学习……,您是否在那里学习过……|您是不是已经毕业……,1,
Q0113,À quel endroit avez-vous laissé vos affaires,lieu_complexe,vous,lieu,avez laissé,您把东西放在哪里了……,您什么时候把东西放下的……|您为什么把东西放在那里……,他把东西放在哪里了……|他们把东西放在哪里了……,您是否还记得放在哪里……|您是不是已经找到了……,1,
Q0114,Chez qui êtes-vous allé,lieu_complexe,vous,lieu,êtes allé,您去了谁那里……,您什么时候去的……|您为什么去对方那里……,他去了谁那里……|他们去了谁那里……,您是否去过对方那里……|您是不是准备再去一次……,1,
Q0115,Où est-elle partie,lieu_complexe,elle,lieu,est partie,她去了哪里……,她什么时候离开的……|她为什么离开……,您去了哪里……|他们去了哪里……,她是否已经离开……|她是不是还没有回来……,1,
Q0116,Comment avez-vous appris,comment,vous,maniere,avez appris,您是怎么得知……的,您为什么会知道……|您是什么时候得知的……,他是怎么得知……的|他们是怎么得知……的,您是否已经知道……|您是不是刚刚得知……,1,
Q0117,Comment avez-vous connu cette entreprise,comment,vous,maniere,avez connu,您是怎么了解到这家公司的……,您为什么关注这家公司……|您是什么时候知道这家公司的……,他是怎么了解到这家公司的……|他们是怎么了解到这家公司的……,您是否以前知道这家公司……|您是不是刚接触这家公司……,1,
Q0118,Comment avez-vous obtenu ce document,comment,vous,maniere,avez obtenu,您是怎么拿到这份文件的……,您为什么需要这份文件……|您是什么时候拿到这份文件的……,他是怎么拿到这份文件的……|他们是怎么拿到这份文件的……,您是否已经拿到这份文件……|您是不是还在等这份文件……,1,
Q0119,Comment avez-vous réussi à,comment,vous,maniere,avez réussi,您是怎么成功做到……的,您为什么要这么做……|您是什么时候做到的……,他是怎么成功做到……的|他们是怎么成功做到……的,您是否已经做到……|您是不是还在尝试……,1,
Q0120,Comment avez-vous fait pour,comment,vous,maniere,avez fait,您是怎么做到……的,您为什么这样做……|您是什么时候做到的……,他是怎么做到……的|他们是怎么做到……的,您是否已经做到……|您是不是还在尝试……,1,
Q0121,Comment avez-vous organisé votre voyage,comment,vous,maniere,avez organisé,您是怎么安排这次旅行的……,您为什么这样安排行程……|您是什么时候开始安排的……,他是怎么安排这次旅行的……|他们是怎么安排这次旅行的……,您是否已经安排好行程……|您是不是还在规划……,1,
Q0122,Comment avez-vous préparé votre dossier,comment,vous,maniere,avez préparé,您是怎么准备材料的……,您为什么准备这些材料……|您是什么时候开始准备的……,他是怎么准备材料的……|他们是怎么准备材料的……,您是否已经准备好材料……|您是不是还缺材料……,1,
Q0123,Comment avez-vous choisi cette option,comment,vous,maniere,avez choisi,您是怎么选择这个选项的……,您为什么选择这个选项……|您是什么时候做出选择的……,他是怎么选择这个选项的……|他们是怎么选择这个选项的……,您是否已经确定选择……|您是不是还在比较……,1,
Q0124,Comment allez-vous faire,comment,vous,maniere,allez faire,您打算怎么做……,您为什么要这样做……|您什么时候开始做……,他打算怎么做……|他们打算怎么做……,您是否已经决定……|您是不是已经做完……,1,
Q0125,Comment allez-vous vous rendre à la gare,comment,vous,maniere,allez vous rendre,您打算怎么去火车站……,您为什么要去火车站……|您什么时候去火车站……,他打算怎么去火车站……|他们打算怎么去火车站……,您是否已经到火车站……|您是不是准备坐车去……,1,
Q0126,Comment comptez-vous résoudre ce problème,comment,vous,maniere,comptez résoudre,您打算怎么解决这个问题……,您为什么要解决这个问题……|您什么时候处理这个问题……,他打算怎么解决这个问题……|他们打算怎么解决这个问题……,您是否已经解决这个问题……|您是不是还在寻找方案……,1,
Q0127,Comment comptez-vous payer,comment,vous,maniere,comptez payer,您打算怎么付款……,您什么时候付款……|您为什么现在付款……,他打算怎么付款……|他们打算怎么付款……,您是否已经付款……|您是不是准备刷卡付款……,1,
Q0128,Comment voulez-vous procéder,comment,vous,maniere,voulez procéder,您想怎么进行下一步……,您为什么要继续……|您什么时候进行下一步……,他想怎么进行下一步……|他们想怎么进行下一步……,您是否已经决定下一步……|您是不是准备现在开始……,1,
Q0129,Comment souhaitez-vous recevoir les documents,comment,vous,maniere,souhaitez recevoir,您希望怎么接收文件……,您什么时候希望收到文件……|您为什么需要这些文件……,他希望怎么接收文件……|他们希望怎么接收文件……,您是否已经收到文件……|您是不是希望在线接收……,1,
Q0130,Comment pouvez-vous expliquer cette différence,comment,vous,maniere,pouvez expliquer,您怎么解释这个差异……,您为什么关注这个差异……|您什么时候发现这个差异……,他怎么解释这个差异……|他们怎么解释这个差异……,您是否已经解释过……|您是不是认为没有差异……,1,
Q0131,Comment pourriez-vous améliorer ce service,comment,vous,maniere,pourriez améliorer,您会怎么改进这项服务……,您为什么想改进这项服务……|您什么时候开始改进……,他会怎么改进这项服务……|他们会怎么改进这项服务……,您是否已经提出改进方案……|您是不是准备保持现状……,1,
Q0132,Comment doit-on utiliser cet appareil,comment_impersonnel,on,maniere,doit utiliser,这个设备应该怎么使用……,为什么需要使用这个设备……|什么时候需要使用这个设备……,您这个设备应该怎么使用……|他们这个设备应该怎么使用……,这个设备是否可以直接使用……|这个设备是不是已经设置好……,1,
Q0133,Comment faut-il remplir ce formulaire,comment_impersonnel,on,maniere,faut remplir,这张表应该怎么填写……,为什么需要填写这张表……|什么时候需要填写这张表……,您这张表应该怎么填写……|他们这张表应该怎么填写……,这张表是否已经填写……|这张表是不是还缺信息……,1,
Q0134,Comment peut-on éviter ce problème,comment_impersonnel,on,maniere,peut éviter,怎样才能避免这个问题……,为什么会出现这个问题……|这个问题什么时候出现……,您怎样才能避免这个问题……|他们怎样才能避免这个问题……,这个问题是否可以避免……|这个问题是不是已经解决……,1,
Q0135,Comment peut-on s'inscrire,comment_impersonnel,on,maniere,peut s'inscrire,应该怎么报名……,为什么要报名……|什么时候可以报名……,您应该怎么报名……|他们应该怎么报名……,是否已经报名……|是不是还可以报名……,1,
Q0136,Comment vous y êtes-vous pris pour,comment_pronom,vous,maniere,vous y êtes pris,您是怎么着手……的,您为什么要这么做……|您是什么时候开始的……,他是怎么着手……的|他们是怎么着手……的,您是否已经开始……|您是不是已经完成……,1,
Q0137,Comment vous êtes-vous rendu compte que,comment_pronom,vous,maniere,vous êtes rendu compte,您是怎么意识到……的,您为什么会意识到……|您是什么时候意识到的……,他是怎么意识到……的|他们是怎么意识到……的,您是否已经意识到……|您是不是后来才知道……,1,
Q0138,Comment vous êtes-vous organisé pour,comment_pronom,vous,maniere,vous êtes organisé,您是怎么安排自己来……的,您为什么这样安排……|您是什么时候开始安排的……,他是怎么安排自己来……的|他们是怎么安排自己来……的,您是否已经安排好……|您是不是还在调整安排……,1,
Q0139,Comment s'est-il rendu compte que,comment_pronom,il,maniere,s'est rendu compte,他是怎么意识到……的,他为什么会意识到……|他是什么时候意识到的……,您是怎么意识到……的|他们是怎么意识到……的,他是否已经意识到……|他是不是后来才知道……,1,
Q0140,Comment a-t-elle réussi à,comment,elle,maniere,a réussi,她是怎么成功做到……的,她为什么要这么做……|她是什么时候做到的……,您是怎么成功做到……的|他们是怎么成功做到……的,她是否已经做到……|她是不是还在尝试……,1,
Q0141,Comment vont-ils faire pour,comment,ils,maniere,vont faire,他们打算怎么做来……,他们为什么要这样做……|他们什么时候开始……,您打算怎么做来……|他打算怎么做来……,他们是否已经决定……|他们是不是已经完成……,1,
Q0142,De quelle manière avez-vous été informé,de_quelle_maniere,vous,maniere,avez été informé,您是通过什么方式获知的……,您是什么时候获知的……|您为什么会收到这条信息……,他是通过什么方式获知的……|他们是通过什么方式获知的……,您是否已经获知……|您是不是通过邮件获知的……,1,
Q0143,De quelle manière souhaitez-vous être contacté,de_quelle_maniere,vous,maniere,souhaitez être contacté,您希望通过什么方式被联系……,您希望什么时候被联系……|您为什么希望被联系……,他希望通过什么方式被联系……|他们希望通过什么方式被联系……,您是否已经被联系……|您是不是希望通过电话联系……,1,
Q0144,Par quel moyen avez-vous payé,par_quel_moyen,vous,maniere,avez payé,您是用什么方式付款的……,您是什么时候付款的……|您为什么这样付款……,他是用什么方式付款的……|他们是用什么方式付款的……,您是否已经付款……|您是不是用现金付款的……,1,
Q0145,Par quel moyen préférez-vous être contacté,par_quel_moyen,vous,maniere,préférez être contacté,您更希望通过什么方式被联系……,您希望什么时候被联系……|您为什么偏好这种联系方式……,他更希望通过什么方式被联系……|他们更希望通过什么方式被联系……,您是否已经被联系……|您是不是更喜欢电话联系……,1,
Q0146,Comment se passe votre formation,comment_processus,vous,maniere,se passe,您的培训进行得怎么样……,您的培训什么时候开始的……|您为什么参加这个培训……,他的培训进行得怎么样……|他们的培训进行得怎么样……,培训是否进展顺利……|培训是不是已经结束……,1,
Q0147,Comment s'est passée votre visite,comment_processus,vous,maniere,s'est passée,您的参观进行得怎么样……,您的参观是什么时候进行的……|您为什么参加这次参观……,他的参观进行得怎么样……|他们的参观进行得怎么样……,参观是否顺利……|参观是不是已经结束……,1,
Q0148,Comment fonctionne ce service,comment_fonctionnement,on,maniere,fonctionne,这项服务是怎么运作的……,为什么需要这项服务……|这项服务什么时候开放……,您这项服务是怎么运作的……|他们这项服务是怎么运作的……,这项服务是否正常运行……|这项服务是不是已经停止……,1,
Q0149,Comment cela s'est-il produit,comment_evenement,on,maniere,s'est produit,这件事是怎么发生的……,这件事为什么会发生……|这件事是什么时候发生的……,您这件事是怎么发生的……|他们这件事是怎么发生的……,这件事是否真的发生了……|这件事是不是已经解决……,1,
Q0150,Comment expliquez-vous que,comment_expliquer,vous,maniere,expliquez,您怎么解释……,您为什么这么认为……|您是什么时候发现的……,他怎么解释……|他们怎么解释……,您是否已经解释过……|您是不是还需要更多信息……,1,
Q0151,Qui avez-vous rencontré,qui,vous,personne_directe,avez rencontré,您遇到了谁……,您什么时候见到对方……|您为什么要见到对方……,他遇到了谁……|他们遇到了谁……,您是否已经确定相关人员……|您是不是已经联系对方……,1,
Q0152,Qui avez-vous appelé,qui,vous,personne_directe,avez appelé,您打电话给了谁……,您什么时候给对方打电话……|您为什么要给对方打电话……,他打电话给了谁……|他们打电话给了谁……,您是否已经确定相关人员……|您是不是已经联系对方……,1,
Q0153,Qui avez-vous contacté,qui,vous,personne_directe,avez contacté,您联系了谁……,您什么时候联系对方……|您为什么要联系对方……,他联系了谁……|他们联系了谁……,您是否已经确定相关人员……|您是不是已经联系对方……,1,
Q0154,Qui avez-vous invité,qui,vous,personne_directe,avez invité,您邀请了谁……,您什么时候邀请对方……|您为什么要邀请对方……,他邀请了谁……|他们邀请了谁……,您是否已经确定相关人员……|您是不是已经联系对方……,1,
Q0155,Qui avez-vous choisi,qui,vous,personne_directe,avez choisi,您选择了谁……,您什么时候选择人选……|您为什么要选择人选……,他选择了谁……|他们选择了谁……,您是否已经确定相关人员……|您是不是已经联系对方……,1,
Q0156,Qui allez-vous voir,qui,vous,personne_directe,allez voir,您要去见谁……,您什么时候去见对方……|您为什么要去见对方……,他要去见谁……|他们要去见谁……,您是否已经确定相关人员……|您是不是已经联系对方……,1,
Q0157,Qui souhaitez-vous rencontrer,qui,vous,personne_directe,souhaitez rencontrer,您想见谁……,您什么时候见对方……|您为什么要见对方……,他想见谁……|他们想见谁……,您是否已经确定相关人员……|您是不是已经联系对方……,1,
Q0158,Qui doit-on contacter,qui,on,personne,doit contacter,应该联系谁……,应该什么时候联系对方……|为什么需要联系对方……,您应该联系谁……|他们应该联系谁……,是否已经确定联系人……|是不是已经联系过……,1,
Q0159,Qui peut vous aider,qui_sujet,vous,personne,peut aider,谁能帮助您……,这个人什么时候能帮忙……|为什么需要这个人……,谁能帮助他……|谁能帮助他们……,是否已经找到合适的人……|是不是已经有人负责……,1,
Q0160,Qui est responsable de ce dossier,qui_sujet,on,personne,est responsable,谁负责这份材料……,这个人什么时候能帮忙……|为什么需要这个人……,您谁负责这份材料……|他们谁负责这份材料……,是否已经找到合适的人……|是不是已经有人负责……,1,
Q0161,À qui avez-vous parlé,a_qui,vous,personne,avez parlé,您跟谁说过……,您什么时候和对方沟通过……|您为什么要联系对方……,他跟谁说过……|他们跟谁说过……,您是否已经联系相关人员……|您是不是还需要联系别人……,1,
Q0162,À qui avez-vous demandé de l'aide,a_qui,vous,personne,avez demandé,您向谁求助过……,您什么时候和对方沟通过……|您为什么要联系对方……,他向谁求助过……|他们向谁求助过……,您是否已经联系相关人员……|您是不是还需要联系别人……,1,
Q0163,À qui avez-vous envoyé le document,a_qui,vous,personne,avez envoyé,您把文件发给了谁……,您什么时候和对方沟通过……|您为什么要联系对方……,他把文件发给了谁……|他们把文件发给了谁……,您是否已经联系相关人员……|您是不是还需要联系别人……,1,
Q0164,À qui devez-vous remettre le dossier,a_qui,vous,personne,devez remettre,您必须把材料交给谁……,您什么时候和对方沟通过……|您为什么要联系对方……,他必须把材料交给谁……|他们必须把材料交给谁……,您是否已经联系相关人员……|您是不是还需要联系别人……,1,
Q0165,À qui pouvez-vous vous adresser,a_qui,vous,personne,pouvez vous adresser,您可以向谁咨询/求助……,您什么时候和对方沟通过……|您为什么要联系对方……,他可以向谁咨询/求助……|他们可以向谁咨询/求助……,您是否已经联系相关人员……|您是不是还需要联系别人……,1,
Q0166,À qui souhaitez-vous écrire,a_qui,vous,personne,souhaitez écrire,您想给谁写信……,您什么时候和对方沟通过……|您为什么要联系对方……,他想给谁写信……|他们想给谁写信……,您是否已经联系相关人员……|您是不是还需要联系别人……,1,
Q0167,Avec qui travaillez-vous,avec_qui,vous,personne,travaillez,您和谁一起工作……,您什么时候和对方沟通过……|您为什么要联系对方……,他和谁一起工作……|他们和谁一起工作……,您是否已经联系相关人员……|您是不是还需要联系别人……,1,
Q0168,Avec qui habitez-vous,avec_qui,vous,personne,habitez,您和谁一起住……,您什么时候和对方沟通过……|您为什么要联系对方……,他和谁一起住……|他们和谁一起住……,您是否已经联系相关人员……|您是不是还需要联系别人……,1,
Q0169,Avec qui êtes-vous venu,avec_qui,vous,personne,êtes venu,您和谁一起来的……,您什么时候和对方沟通过……|您为什么要联系对方……,他和谁一起来的……|他们和谁一起来的……,您是否已经联系相关人员……|您是不是还需要联系别人……,1,
Q0170,Avec qui allez-vous voyager,avec_qui,vous,personne,allez voyager,您将和谁一起旅行……,您什么时候和对方沟通过……|您为什么要联系对方……,他将和谁一起旅行……|他们将和谁一起旅行……,您是否已经联系相关人员……|您是不是还需要联系别人……,1,
Q0171,Avec qui souhaitez-vous parler,avec_qui,vous,personne,souhaitez parler,您想和谁谈……,您什么时候和对方沟通过……|您为什么要联系对方……,他想和谁谈……|他们想和谁谈……,您是否已经联系相关人员……|您是不是还需要联系别人……,1,
Q0172,Pour qui travaillez-vous,pour_qui,vous,personne,travaillez,您为谁工作……,您什么时候和对方沟通过……|您为什么要联系对方……,他为谁工作……|他们为谁工作……,您是否已经联系相关人员……|您是不是还需要联系别人……,1,
Q0173,Pour qui avez-vous réservé,pour_qui,vous,personne,avez réservé,您为谁预订的……,您什么时候和对方沟通过……|您为什么要联系对方……,他为谁预订的……|他们为谁预订的……,您是否已经联系相关人员……|您是不是还需要联系别人……,1,
Q0174,Pour qui est-ce destiné,pour_qui,on,personne,est destiné,这是给谁的……,您什么时候和对方沟通过……|您为什么要联系对方……,您这是给谁的……|他们这是给谁的……,您是否已经联系相关人员……|您是不是还需要联系别人……,1,
Q0175,De qui avez-vous reçu ce message,de_qui,vous,personne,avez reçu,您从谁那里收到这条消息……,您什么时候和对方沟通过……|您为什么要联系对方……,他从谁那里收到这条消息……|他们从谁那里收到这条消息……,您是否已经联系相关人员……|您是不是还需要联系别人……,1,
Q0176,De qui parlez-vous,de_qui,vous,personne,parlez,您在谈谁……,您什么时候和对方沟通过……|您为什么要联系对方……,他在谈谁……|他们在谈谁……,您是否已经联系相关人员……|您是不是还需要联系别人……,1,
Q0177,Chez qui êtes-vous resté,chez_qui,vous,personne,êtes resté,您住在谁家里……,您什么时候和对方沟通过……|您为什么要联系对方……,他住在谁家里……|他们住在谁家里……,您是否已经联系相关人员……|您是不是还需要联系别人……,1,
Q0178,Chez qui allez-vous loger,chez_qui,vous,personne,allez loger,您将住在谁那里……,您什么时候和对方沟通过……|您为什么要联系对方……,他将住在谁那里……|他们将住在谁那里……,您是否已经联系相关人员……|您是不是还需要联系别人……,1,
Q0179,Qui est-ce qui vous a appelé,qui_estcequi,vous,personne,vous a appelé,是谁给您打了电话……,这件事是什么时候发生的……|为什么会有人这么做……,是谁给他打了电话……|是谁给他们打了电话……,是否已经确认是谁……|是不是已经联系到这个人……,1,
Q0180,Qui est-ce qui vous a prévenu,qui_estcequi,vous,personne,vous a prévenu,是谁通知了您……,这件事是什么时候发生的……|为什么会有人这么做……,是谁通知了他……|是谁通知了他们……,是否已经确认是谁……|是不是已经联系到这个人……,1,
Q0181,Qui vous a conseillé de,qui_sujet,vous,personne,vous a conseillé,是谁建议您……,这件事是什么时候发生的……|为什么会有人这么做……,是谁建议他……|是谁建议他们……,是否已经确认是谁……|是不是已经联系到这个人……,1,
Q0182,Qui vous a donné cette information,qui_sujet,vous,personne,vous a donné,是谁给了您这个信息……,这件事是什么时候发生的……|为什么会有人这么做……,是谁给了他这个信息……|是谁给了他们这个信息……,是否已经确认是谁……|是不是已经联系到这个人……,1,
Q0183,Qui l'a décidé,qui_sujet,il,personne,a décidé,是谁决定这件事的……,这件事是什么时候发生的……|为什么会有人这么做……,您是谁决定这件事的……|他们是谁决定这件事的……,是否已经确认是谁……|是不是已经联系到这个人……,1,
Q0184,Qui l'a appelé,qui_sujet,il,personne,l'a appelé,是谁给他打了电话……,这件事是什么时候发生的……|为什么会有人这么做……,是谁给您打了电话……|是谁给他们打了电话……,是否已经确认是谁……|是不是已经联系到这个人……,1,
Q0185,À qui en avez-vous parlé,a_qui_pronom,vous,personne,en avez parlé,您跟谁谈过这件事……,您什么时候和对方沟通过……|您为什么要联系对方……,他跟谁谈过这件事……|他们跟谁谈过这件事……,您是否已经联系相关人员……|您是不是还需要联系别人……,1,
Q0186,Qu'est-ce que vous voulez,questce_que,vous,objet_direct,voulez,您想要什么……,您为什么会这样选择/需要……|您什么时候作出决定……,他想要什么……|他们想要什么……,您是否已经确定具体内容……|您是不是还在考虑……,1,
Q0187,Qu'est-ce que vous cherchez,questce_que,vous,objet_direct,cherchez,您在找什么……,您为什么会这样选择/需要……|您什么时候作出决定……,他在找什么……|他们在找什么……,您是否已经确定具体内容……|您是不是还在考虑……,1,
Q0188,Qu'est-ce que vous préférez,questce_que,vous,objet_direct,préférez,您更喜欢什么……,您为什么会这样选择/需要……|您什么时候作出决定……,他更喜欢什么……|他们更喜欢什么……,您是否已经确定具体内容……|您是不是还在考虑……,1,
Q0189,Qu'est-ce que vous proposez,questce_que,vous,objet_direct,proposez,您提议什么……,您为什么会这样选择/需要……|您什么时候作出决定……,他提议什么……|他们提议什么……,您是否已经确定具体内容……|您是不是还在考虑……,1,
Q0190,Qu'est-ce que vous avez choisi,questce_que,vous,objet_direct,avez choisi,您选择了什么……,您为什么会这样选择/需要……|您什么时候作出决定……,他选择了什么……|他们选择了什么……,您是否已经确定具体内容……|您是不是还在考虑……,1,
Q0191,Qu'est-ce que vous avez décidé,questce_que,vous,objet_direct,avez décidé,您决定了什么……,您为什么会这样选择/需要……|您什么时候作出决定……,他决定了什么……|他们决定了什么……,您是否已经确定具体内容……|您是不是还在考虑……,1,
Q0192,Qu'est-ce que vous avez appris,questce_que,vous,objet_direct,avez appris,您得知了什么……,您为什么会这样选择/需要……|您什么时候作出决定……,他得知了什么……|他们得知了什么……,您是否已经确定具体内容……|您是不是还在考虑……,1,
Q0193,Qu'est-ce que vous allez faire,questce_que,vous,objet_direct,allez faire,您将要做什么……,您为什么要这样做……|您什么时候开始做……,他将要做什么……|他们将要做什么……,您是否已经确定具体内容……|您是不是还在考虑……,1,
Q0194,Qu'est-ce que vous comptez faire,questce_que,vous,objet_direct,comptez faire,您打算做什么……,您为什么要这样做……|您什么时候开始做……,他打算做什么……|他们打算做什么……,您是否已经确定具体内容……|您是不是还在考虑……,1,
Q0195,Qu'est-ce que vous devez apporter,questce_que,vous,objet_direct,devez apporter,您必须带什么……,您为什么会这样选择/需要……|您什么时候作出决定……,他必须带什么……|他们必须带什么……,您是否已经确定具体内容……|您是不是还在考虑……,1,
Q0196,Qu'est-ce que vous pouvez fournir,questce_que,vous,objet_direct,pouvez fournir,您可以提供什么……,您为什么会这样选择/需要……|您什么时候作出决定……,他可以提供什么……|他们可以提供什么……,您是否已经确定具体内容……|您是不是还在考虑……,1,
Q0197,Qu'est-ce que vous souhaitez savoir,questce_que,vous,objet_direct,souhaitez savoir,您想知道什么……,您为什么会这样选择/需要……|您什么时候作出决定……,他想知道什么……|他们想知道什么……,您是否已经确定具体内容……|您是不是还在考虑……,1,
Q0198,Qu'est-ce qu'il veut,questce_que,il,objet_direct,veut,他想要什么……,他为什么会这样选择/需要……|他什么时候作出决定……,您想要什么……|他们想要什么……,他是否已经确定具体内容……|他是不是还在考虑……,1,
Q0199,Qu'est-ce qu'elle cherche,questce_que,elle,objet_direct,cherche,她在找什么……,她为什么会这样选择/需要……|她什么时候作出决定……,您在找什么……|他们在找什么……,她是否已经确定具体内容……|她是不是还在考虑……,1,
Q0200,Qu'est-ce qu'ils proposent,questce_que,ils,objet_direct,proposent,他们提议什么……,他们为什么会这样选择/需要……|他们什么时候作出决定……,您提议什么……|他提议什么……,他们是否已经确定具体内容……|他们是不是还在考虑……,1,
Q0201,Qu'est-ce que nous devons faire,questce_que,nous,objet_direct,devons faire,我们应该做什么……,我们为什么要这样做……|我们什么时候开始做……,您应该做什么……|他们应该做什么……,我们是否已经确定具体内容……|我们是不是还在考虑……,1,
Q0202,Qu'est-ce qu'on peut faire,questce_que,on,objet_direct,peut faire,可以做什么……,为什么要这样做……|什么时候开始做……,您可以做什么……|他们可以做什么……,是否已经确定具体内容……|是不是还在考虑……,1,
Q0203,Qu'est-ce qui vous intéresse,questce_qui,vous,sujet_chose,vous intéresse,什么让您感兴趣……,这是什么时候发生的……|为什么会这样……,什么让他感兴趣……|什么让他们感兴趣……,这是否已经发生/改变……|这是不是已经解决……,1,
Q0204,Qu'est-ce qui vous inquiète,questce_qui,vous,sujet_chose,vous inquiète,什么让您担心……,这是什么时候发生的……|为什么会这样……,什么让他担心……|什么让他们担心……,这是否已经发生/改变……|这是不是已经解决……,1,
Q0205,Qu'est-ce qui vous empêche de,questce_qui,vous,sujet_chose,vous empêche,是什么阻碍您……,这是什么时候发生的……|为什么会这样……,是什么阻碍他……|是什么阻碍他们……,这是否已经发生/改变……|这是不是已经解决……,1,
Q0206,Qu'est-ce qui s'est passé,questce_qui,on,sujet_chose,s'est passé,发生了什么……,这是什么时候发生的……|为什么会这样……,您发生了什么……|他们发生了什么……,这是否已经发生/改变……|这是不是已经解决……,1,
Q0207,Qu'est-ce qui a changé,questce_qui,on,sujet_chose,a changé,发生了什么变化……,这是什么时候发生的……|为什么会这样……,您发生了什么变化……|他们发生了什么变化……,这是否已经发生/改变……|这是不是已经解决……,1,
Q0208,À quoi pensez-vous,a_quoi,vous,objet_prepositionnel,pensez,您在想什么……,您为什么这么想……|您是什么时候想到的……,他在想什么……|他们在想什么……,您是否已经想好……|您是不是还在考虑……,1,
Q0209,À quoi vous attendez-vous,a_quoi,vous,objet_prepositionnel,vous attendez,您预期什么……,您为什么有这种预期……|您什么时候开始这样预期……,他预期什么……|他们预期什么……,您是否已经有所预期……|您是不是还在等待结果……,1,
Q0210,À quoi cela sert-il,a_quoi,on,objet_prepositionnel,sert,这个是用来做什么的……,为什么需要这个东西……|这个东西什么时候使用……,您这个是用来做什么的……|他们这个是用来做什么的……,这个东西是否有用……|这个东西是不是已经在使用……,1,
Q0211,À quoi faut-il faire attention,a_quoi,on,objet_prepositionnel,faut faire attention,需要注意什么……,为什么需要注意这些……|什么时候最需要注意……,您需要注意什么……|他们需要注意什么……,是否已经注意到……|是不是还需要特别小心……,1,
Q0212,De quoi avez-vous besoin,de_quoi,vous,objet_prepositionnel,avez besoin,您需要什么……,您为什么需要这些……|您什么时候需要这些……,他需要什么……|他们需要什么……,您是否真的需要……|您是不是已经准备好了……,1,
Q0213,De quoi avez-vous peur,de_quoi,vous,objet_prepositionnel,avez peur,您害怕什么……,您为什么害怕……|您什么时候开始害怕……,他害怕什么……|他们害怕什么……,您是否仍然害怕……|您是不是已经不担心了……,1,
Q0214,De quoi vous souvenez-vous,de_quoi,vous,objet_prepositionnel,vous souvenez,您记得什么……,您为什么会记得……|您是什么时候想起来的……,他记得什么……|他们记得什么……,您是否还记得……|您是不是已经忘了……,1,
Q0215,De quoi dépend cette décision,de_quoi,on,objet_prepositionnel,dépend,这个决定取决于什么……,为什么这个决定会受到影响……|这个决定什么时候会改变……,您这个决定取决于什么……|他们这个决定取决于什么……,这个决定是否取决于外部因素……|这个决定是不是已经确定……,1,
Q0216,De quoi s'agit-il,de_quoi,on,objet_prepositionnel,s'agit,这是关于什么的……,为什么会谈到这个……|这是从什么时候开始的……,您这是关于什么的……|他们这是关于什么的……,这是否就是主要问题……|这是不是已经说明清楚了……,1,
Q0217,Sur quoi travaillez-vous,sur_quoi,vous,objet_prepositionnel,travaillez,您在做什么项目/课题……,您为什么做这个项目……|您什么时候开始这个项目……,他在做什么项目/课题……|他们在做什么项目/课题……,您是否还在做这个项目……|您是不是已经完成这个项目……,1,
Q0218,Sur quoi repose cette décision,sur_quoi,on,objet_prepositionnel,repose,这个决定基于什么……,为什么这个决定这样制定……|这个决定什么时候作出的……,您这个决定基于什么……|他们这个决定基于什么……,这个决定是否有依据……|这个决定是不是已经确定……,1,
Q0219,Avec quoi avez-vous payé,avec_quoi,vous,objet_prepositionnel,avez payé,您用什么付款的……,您什么时候付款的……|您为什么用这种方式付款……,他用什么付款的……|他们用什么付款的……,您是否已经付款……|您是不是用现金付款的……,1,
Q0220,Avec quoi peut-on ouvrir cette porte,avec_quoi,on,objet_prepositionnel,peut ouvrir,可以用什么打开这扇门……,什么时候需要打开这扇门……|为什么需要打开这扇门……,您可以用什么打开这扇门……|他们可以用什么打开这扇门……,这扇门是否可以打开……|是不是需要钥匙才能打开……,1,
Q0221,Quel type de logement cherchez-vous,quel,vous,choix,cherchez,您在找哪种住房……,您为什么找这种住房……|您什么时候开始找住房……,他在找哪种住房……|他们在找哪种住房……,您是否已经找到住房……|您是不是还在比较不同类型……,1,
Q0222,Quel type de travail souhaitez-vous,quel,vous,choix,souhaitez,您想找哪类工作……,您为什么想找这类工作……|您什么时候开始找工作……,他想找哪类工作……|他们想找哪类工作……,您是否已经找到工作……|您是不是还在比较岗位……,1,
Q0223,Quel genre de problème avez-vous rencontré,quel,vous,choix,avez rencontré,您遇到了哪类问题……,这个问题是什么时候出现的……|为什么会出现这个问题……,他遇到了哪类问题……|他们遇到了哪类问题……,您是否已经解决这个问题……|您是不是还在处理这个问题……,1,
Q0224,Quelle option préférez-vous,quelle,vous,choix,préférez,您更喜欢哪个选项……,您为什么偏好这个选项……|您什么时候作出选择……,他更喜欢哪个选项……|他们更喜欢哪个选项……,您是否已经确定选项……|您是不是还在比较……,1,
Q0225,Quelle solution avez-vous choisie,quelle,vous,choix,avez choisi,您选择了哪种方案……,您为什么选择这个方案……|您什么时候作出选择……,他选择了哪种方案……|他们选择了哪种方案……,您是否已经确定方案……|您是不是还在比较方案……,1,
Q0226,Quelle date vous conviendrait,quelle,vous,choix,conviendrait,哪个日期适合您……,您什么时候有空……|您为什么偏好这个日期……,哪个日期适合他……|哪个日期适合他们……,您是否已经确定日期……|您是不是还需要改期……,1,
Q0227,Quelle heure vous conviendrait,quelle,vous,choix,conviendrait,哪个时间适合您……,您什么时候方便……|您为什么偏好这个时间……,哪个时间适合他……|哪个时间适合他们……,您是否已经确定时间……|您是不是还需要调整时间……,1,
Q0228,Quel est le prix de,quel_est,on,choix,est,……的价格是多少,这项服务什么时候收费……|为什么价格这么高……,您……的价格是多少|他们……的价格是多少,价格是否已经确定……|是不是还会有其他费用……,1,
Q0229,Quel est le problème,quel_est,on,choix,est,问题是什么……,这个问题是什么时候出现的……|为什么会出现这个问题……,您问题是什么……|他们问题是什么……,问题是否已经解决……|是不是还有其他问题……,1,
Q0230,Quelle est la différence entre,quelle_est,on,choix,est,……之间有什么区别,……之间有什么共同点|为什么要比较……,您……之间有什么区别|他们……之间有什么区别,两者是否相同……|是不是已经比较过……,1,
Q0231,Quels documents faut-il fournir,quels,on,choix,faut fournir,需要提供哪些文件……,为什么需要这些文件……|什么时候需要提交这些文件……,您需要提供哪些文件……|他们需要提供哪些文件……,文件是否已经准备齐……|是不是还缺文件……,1,
Q0232,Quelles conditions faut-il remplir,quelles,on,choix,faut remplir,需要满足哪些条件……,为什么需要满足这些条件……|什么时候需要满足这些条件……,您需要满足哪些条件……|他们需要满足哪些条件……,条件是否已经满足……|是不是还有其他条件……,1,
Q0233,Lequel préférez-vous,lequel,vous,choix,préférez,您更喜欢哪一个……,您为什么偏好这个……|您什么时候作出选择……,他更喜欢哪一个……|他们更喜欢哪一个……,您是否已经确定选择……|您是不是还在比较……,1,
Q0234,Laquelle avez-vous choisie,laquelle,vous,choix,avez choisie,您选择了哪一个……,您为什么选择这个……|您什么时候作出选择……,他选择了哪一个……|他们选择了哪一个……,您是否已经确定选择……|您是不是还在比较……,1,
Q0235,Lesquels avez-vous déjà essayés,lesquels,vous,choix,avez essayés,您已经试过哪些……,您什么时候试过这些……|您为什么会尝试这些……,他已经试过哪些……|他们已经试过哪些……,您是否已经试过这些……|您是不是还想尝试其他的……,1,
Q0236,Lesquelles vous intéressent,lesquelles,vous,choix,vous intéressent,哪些让您感兴趣……,您为什么对这些感兴趣……|您什么时候开始感兴趣……,哪些让他感兴趣……|哪些让他们感兴趣……,您是否仍然感兴趣……|您是不是已经选好了……,1,
Q0237,Auquel pensez-vous,auquel,vous,choix,pensez,您想到的是哪一个……,您为什么想到这个……|您是什么时候想到的……,他想到的是哪一个……|他们想到的是哪一个……,您是否已经确定是哪一个……|您是不是还在考虑其他选项……,1,
Q0238,Auquel faut-il répondre,auquel,on,choix,faut répondre,应该回复哪一个……,为什么需要回复这个……|什么时候需要回复……,您应该回复哪一个……|他们应该回复哪一个……,是否已经回复……|是不是还有其他需要回复的……,1,
Q0239,Duquel parlez-vous,duquel,vous,choix,parlez,您说的是哪一个……,您为什么谈到这个……|您是什么时候谈到的……,他说的是哪一个……|他们说的是哪一个……,您是否已经说明是哪一个……|您是不是在说另一个……,1,
Q0240,Combien coûte ce service,combien,on,quantite,coûte,这项服务多少钱……,这项服务什么时候付款……|为什么这么贵……,您这项服务多少钱……|他们这项服务多少钱……,价格是否已经确定……|是不是还要支付其他费用……,1,
Q0241,Combien avez-vous payé,combien,vous,quantite,avez payé,您付了多少钱……,您什么时候付款的……|您为什么付这么多……,他付了多少钱……|他们付了多少钱……,您是否已经付清……|您是不是还要再付款……,1,
Q0242,Combien de personnes avez-vous invitées,combien,vous,quantite,avez invitées,您邀请了多少人……,您什么时候邀请这些人……|您为什么邀请这么多人……,他邀请了多少人……|他们邀请了多少人……,您是否已经确定人数……|您是不是还会邀请其他人……,1,
Q0243,Combien de jours allez-vous rester,combien,vous,quantite,allez rester,您将停留多少天……,您什么时候离开……|您为什么停留这么多天……,他将停留多少天……|他们将停留多少天……,您是否已经确定停留天数……|您是不是还会延长停留……,1,
Q0244,Combien faut-il prévoir,combien,on,quantite,faut prévoir,需要预留多少……,什么时候需要预留这些……|为什么需要预留这么多……,您需要预留多少……|他们需要预留多少……,是否已经预留足够……|是不是还需要增加……,1,
Q0245,Combien en voulez-vous,combien,vous,quantite,en voulez,您想要多少……,您什么时候需要这些……|您为什么需要这么多……,他想要多少……|他们想要多少……,您是否已经确定数量……|您是不是还想要更多……,1,
Q0246,Avez-vous déjà travaillé dans ce domaine,inversion_oui_non,vous,oui_non,avez travaillé,您是否曾在这个领域工作过……,您什么时候在这个领域工作过……|您为什么选择这个领域……,他是否曾在这个领域工作过……|他们是否曾在这个领域工作过……,您以后还会在这个领域工作吗……|您想在这个领域工作吗……,1,
Q0247,Avez-vous déjà utilisé ce service,inversion_oui_non,vous,oui_non,avez utilisé,您是否用过这项服务……,您什么时候用过这项服务……|您为什么使用这项服务……,他是否用过这项服务……|他们是否用过这项服务……,您以后还会使用这项服务吗……|您想使用这项服务吗……,1,
Q0248,Avez-vous déjà réservé une place,inversion_oui_non,vous,oui_non,avez réservé,您是否已经预订过位置……,您什么时候预订的……|您为什么要预订……,他是否已经预订过位置……|他们是否已经预订过位置……,您还会再预订吗……|您想取消预订吗……,1,
Q0249,Avez-vous déjà rencontré ce problème,inversion_oui_non,vous,oui_non,avez rencontré,您是否遇到过这个问题……,您什么时候遇到这个问题的……|您为什么会遇到这个问题……,他是否遇到过这个问题……|他们是否遇到过这个问题……,您现在还遇到这个问题吗……|您是否已经解决这个问题……,1,
Q0250,Avez-vous reçu le message,inversion_oui_non,vous,oui_non,avez reçu,您是否收到了消息……,您什么时候收到消息的……|您为什么会收到这条消息……,他是否收到了消息……|他们是否收到了消息……,您是否还在等消息……|您是不是已经回复了……,1,
Q0251,Avez-vous compris la procédure,inversion_oui_non,vous,oui_non,avez compris,您是否理解这个流程……,您什么时候理解这个流程的……|您为什么需要了解这个流程……,他是否理解这个流程……|他们是否理解这个流程……,您是否已经完全理解……|您是不是还需要解释……,1,
Q0252,Avez-vous besoin de plus d'informations,inversion_oui_non,vous,oui_non,avez besoin,您是否需要更多信息……,您什么时候需要更多信息……|您为什么需要更多信息……,他是否需要更多信息……|他们是否需要更多信息……,您现在仍然需要信息吗……|您是不是已经了解清楚了……,1,
Q0253,Avez-vous l'intention de revenir,inversion_oui_non,vous,oui_non,avez l'intention,您是否打算回来……,您什么时候打算回来……|您为什么打算回来……,他是否打算回来……|他们是否打算回来……,您以后会回来吗……|您是不是已经回来过……,1,
Q0254,Avez-vous eu le temps de terminer,inversion_oui_non,vous,oui_non,avez eu le temps,您是否有时间完成……,您什么时候有时间完成……|您为什么没时间完成……,他是否有时间完成……|他们是否有时间完成……,您是否已经完成……|您是不是还需要更多时间……,1,
Q0255,Avez-vous réussi à trouver une solution,inversion_oui_non,vous,oui_non,avez réussi,您是否成功找到了解决方案……,您什么时候找到解决方案的……|您为什么选择这个方案……,他是否成功找到了解决方案……|他们是否成功找到了解决方案……,您是否还在找方案……|您是不是已经解决了……,1,
Q0256,Êtes-vous disponible demain,inversion_oui_non,vous,oui_non,êtes disponible,您明天是否有空……,您明天什么时候有空……|您明天为什么没空……,他明天是否有空……|他们明天是否有空……,您今天有空吗……|您后天有空吗……,1,
Q0257,Êtes-vous intéressé par cette offre,inversion_oui_non,vous,oui_non,êtes intéressé,您是否对这个机会感兴趣……,您什么时候开始对这个机会感兴趣……|您为什么对这个机会感兴趣……,他是否对这个机会感兴趣……|他们是否对这个机会感兴趣……,您现在还感兴趣吗……|您是不是想申请……,1,
Q0258,Êtes-vous d'accord avec cette décision,inversion_oui_non,vous,oui_non,êtes d'accord,您是否同意这个决定……,您什么时候同意这个决定的……|您为什么同意这个决定……,他是否同意这个决定……|他们是否同意这个决定……,您现在仍然同意吗……|您是不是反对这个决定……,1,
Q0259,Êtes-vous prêt à commencer,inversion_oui_non,vous,oui_non,êtes prêt,您是否准备好开始……,您什么时候准备好开始……|您为什么现在开始……,他是否准备好开始……|他们是否准备好开始……,您是否已经开始……|您是不是还没准备好……,1,
Q0260,Êtes-vous au courant de ce changement,inversion_oui_non,vous,oui_non,êtes au courant,您是否知道这个变化……,您什么时候知道这个变化的……|您为什么关注这个变化……,他是否知道这个变化……|他们是否知道这个变化……,您是否已经了解详情……|您是不是刚刚才知道……,1,
Q0261,Pouvez-vous venir demain,pouvez_vous,vous,oui_non,pouvez venir,您明天能来吗……,您为什么能来……|您什么时候能来……,他明天能来吗……|他们明天能来吗……,您明天想来吗……|您明天必须来吗……,1,
Q0262,Pouvez-vous confirmer votre présence,pouvez_vous,vous,oui_non,pouvez confirmer,您能确认会出席吗……,您什么时候确认出席……|您为什么需要确认出席……,他能确认会出席吗……|他们能确认会出席吗……,您想确认出席吗……|您是否已经确认过了……,1,
Q0263,Pouvez-vous expliquer ce point,pouvez_vous,vous,oui_non,pouvez expliquer,您能解释这一点吗……,您为什么要解释这一点……|您什么时候解释这一点……,他能解释这一点吗……|他们能解释这一点吗……,您想解释这一点吗……|您是否已经解释过了……,1,
Q0264,Pourriez-vous venir plus tôt,pourriez_vous,vous,oui_non,pourriez venir,您能早点来吗……,您为什么要早点来……|您什么时候能早点来……,他能早点来吗……|他们能早点来吗……,您想早点来吗……|您必须早点来吗……,1,
Q0265,Pourriez-vous préciser votre demande,pourriez_vous,vous,oui_non,pourriez préciser,您能进一步说明您的需求吗……,您为什么需要进一步说明……|您什么时候补充说明……,他能进一步说明您的需求吗……|他们能进一步说明您的需求吗……,您想进一步说明吗……|您是否已经说明清楚了……,1,
Q0266,Voulez-vous participer à cette activité,voulez_vous,vous,oui_non,voulez participer,您想参加这项活动吗……,您为什么想参加这项活动……|您什么时候想参加……,他想参加这项活动吗……|他们想参加这项活动吗……,您能参加这项活动吗……|您必须参加这项活动吗……,1,
Q0267,Voulez-vous que je vous rappelle,voulez_vous,vous,oui_non,voulez que,您希望我再给您打电话吗……,您为什么希望我再打电话……|您什么时候希望我再打电话……,他希望我再给您打电话吗……|他们希望我再给您打电话吗……,您希望我发邮件吗……|您是不是不需要我再联系……,1,
Q0268,Souhaitez-vous recevoir une confirmation,souhaitez_vous,vous,oui_non,souhaitez recevoir,您希望收到确认吗……,您为什么希望收到确认……|您什么时候希望收到确认……,他希望收到确认吗……|他们希望收到确认吗……,您想收到确认吗……|您是否已经收到确认……,1,
Q0269,Souhaitez-vous que nous vous contactions,souhaitez_vous,vous,oui_non,souhaitez que,您希望我们联系您吗……,您为什么希望我们联系您……|您什么时候希望我们联系您……,他希望我们联系您吗……|他们希望我们联系您吗……,您希望我们发邮件吗……|您是否已经被联系……,1,
Q0270,Comptez-vous rester longtemps,comptez_vous,vous,oui_non,comptez rester,您打算久留吗……,您为什么打算久留……|您打算留到什么时候……,他打算久留吗……|他们打算久留吗……,您想久留吗……|您是不是很快就离开……,1,
Q0271,Pensez-vous pouvoir terminer aujourd'hui,pensez_vous,vous,oui_non,pensez pouvoir,您觉得今天能完成吗……,您为什么觉得今天能完成……|您预计什么时候完成……,他觉得今天能完成吗……|他们觉得今天能完成吗……,您确定今天能完成吗……|您是不是还没有开始……,1,
Q0272,Croyez-vous que ce soit possible,croyez_vous,vous,oui_non,croyez que,您认为这可能吗……,您为什么认为这可能……|您什么时候意识到这可能……,他认为这可能吗……|他们认为这可能吗……,您知道这可能吗……|您希望这成为可能吗……,1,
Q0273,Savez-vous où se trouve le bureau,savez_vous,vous,oui_non,savez où,您知道办公室在哪里吗……,您为什么要找办公室……|您什么时候去办公室……,他知道办公室在哪里吗……|他们知道办公室在哪里吗……,您想知道办公室在哪里吗……|您是否已经去过办公室……,1,
Q0274,Savez-vous si le service est ouvert,savez_vous,vous,oui_non,savez si,您知道这项服务是否开放吗……,您知道什么时候开放吗……|您知道为什么关闭吗……,他知道这项服务是否开放吗……|他们知道这项服务是否开放吗……,您想知道是否开放吗……|您是否已经去过那里……,1,
Q0275,Seriez-vous prêt à changer d'horaire,conditionnel_oui_non,vous,oui_non,seriez prêt,您愿意调整时间吗……,您为什么愿意调整时间……|您什么时候可以调整时间……,他愿意调整时间吗……|他们愿意调整时间吗……,您必须调整时间吗……|您能够调整时间吗……,1,
Q0276,Auriez-vous besoin d'aide,conditionnel_oui_non,vous,oui_non,auriez besoin,您是否会需要帮助……,您什么时候会需要帮助……|您为什么会需要帮助……,他是否会需要帮助……|他们是否会需要帮助……,您现在需要帮助吗……|您是否已经得到帮助……,1,
Q0277,Est-ce que vous avez déjà essayé,est_ce_que,vous,oui_non,avez essayé,您是否已经试过……,您什么时候试过……|您为什么尝试……,他是否已经试过……|他们是否已经试过……,您还会再试吗……|您是不是已经放弃……,1,
Q0278,Est-ce que vous pouvez venir,est_ce_que,vous,oui_non,pouvez venir,您能来吗……,您为什么能来……|您什么时候能来……,他能来吗……|他们能来吗……,您想来吗……|您必须来吗……,1,
Q0279,Est-ce que vous souhaitez continuer,est_ce_que,vous,oui_non,souhaitez continuer,您希望继续吗……,您为什么希望继续……|您希望继续到什么时候……,他希望继续吗……|他们希望继续吗……,您想继续吗……|您是否已经停止……,1,
Q0280,N'avez-vous jamais pensé à changer,negatif_oui_non,vous,oui_non,n'avez jamais pensé,您从来没有想过改变吗……,您为什么想改变……|您什么时候开始考虑改变……,他从来没有想过改变吗……|他们从来没有想过改变吗……,您是否已经决定改变……|您是不是其实不想改变……,1,
Q0281,Pourriez-vous me dire où se trouve la gare,demande_politesse,vous,indirecte,pourriez dire,您能告诉我火车站在哪里吗……,您能告诉我什么时候到火车站吗……|您能告诉我怎么去火车站吗……,他能告诉我火车站在哪里吗……|他们能告诉我火车站在哪里吗……,您是否知道火车站在哪里……|您是不是已经去过火车站……,1,
Q0282,Pourriez-vous me dire quand commence la visite,demande_politesse,vous,indirecte,pourriez dire,您能告诉我参观什么时候开始吗……,您能告诉我参观在哪里开始吗……|您能告诉我为什么要提前到吗……,他能告诉我参观什么时候开始吗……|他们能告诉我参观什么时候开始吗……,您是否知道开始时间……|您是不是已经确认时间……,1,
Q0283,Pourriez-vous me dire combien cela coûte,demande_politesse,vous,indirecte,pourriez dire,您能告诉我这个多少钱吗……,您能告诉我什么时候付款吗……|您能告诉我为什么这么贵吗……,他能告诉我这个多少钱吗……|他们能告诉我这个多少钱吗……,您是否知道价格……|您是不是已经付款……,1,
Q0284,Pourriez-vous m'expliquer comment cela fonctionne,demande_politesse,vous,indirecte,pourriez expliquer,您能给我解释这是怎么运作的吗……,您能给我解释为什么这样运作吗……|您能告诉我什么时候使用吗……,他能给我解释这是怎么运作的吗……|他们能给我解释这是怎么运作的吗……,您是否了解它的运作方式……|您是不是已经用过……,1,
Q0285,Pouvez-vous me préciser si le paiement est remboursable,demande_politesse,vous,indirecte,pouvez préciser,您能说明付款是否可以退款吗……,您能说明什么时候可以退款吗……|您能说明为什么不能退款吗……,他能说明付款是否可以退款吗……|他们能说明付款是否可以退款吗……,您是否知道退款政策……|您是不是已经申请退款……,1,
Q0286,J'aimerais savoir si une réservation est nécessaire,question_indirecte,je,indirecte,aimerais savoir,我想知道是否需要预订……,我想知道什么时候需要预订……|我想知道为什么需要预订……,您想知道是否需要预订……|他想知道是否需要预订……,我是否已经预订……|我是不是还可以不预订……,1,
Q0287,J'aimerais savoir quand je peux venir,question_indirecte,je,indirecte,aimerais savoir,我想知道我什么时候可以来……,我想知道我为什么可以来……|我想知道我应该在哪里见面……,您想知道我什么时候可以来……|他想知道我什么时候可以来……,我是否已经确定时间……|我是不是需要提前预约……,1,
Q0288,Je voudrais savoir où je dois déposer le dossier,question_indirecte,je,indirecte,voudrais savoir,我想知道我应该在哪里提交材料……,我想知道我应该什么时候提交材料……|我想知道为什么要提交这些材料……,您想知道我应该在哪里提交材料……|他想知道我应该在哪里提交材料……,我是否已经提交材料……|我是不是还缺材料……,1,
Q0289,Je voudrais savoir combien de temps cela prend,question_indirecte,je,indirecte,voudrais savoir,我想知道这需要多长时间……,我想知道什么时候能完成……|我想知道为什么需要这么久……,您想知道这需要多长时间……|他想知道这需要多长时间……,我是否需要等待……|我是不是还要做其他步骤……,1,
Q0290,Est-ce que vous pourriez me confirmer l'heure,demande_politesse,vous,indirecte,pourriez confirmer,您能帮我确认时间吗……,您什么时候能帮我确认……|您为什么需要确认时间……,他能帮我确认时间吗……|他们能帮我确认时间吗……,您是否已经确认时间……|您是不是还需要修改时间……,1,
Q0291,Que pensez-vous de cette proposition,opinion,vous,indirecte,pensez,您怎么看这个提议……,您为什么支持/反对这个提议……|您什么时候听说这个提议的……,他怎么看这个提议……|他们怎么看这个提议……,您是否同意这个提议……|您是不是已经作出决定……,1,
Q0292,Qu'en pensez-vous,opinion,vous,indirecte,en pensez,您对此怎么看……,您为什么这么认为……|您是什么时候形成这个看法的……,他对此怎么看……|他们对此怎么看……,您是否同意……|您是不是已经改变看法……,1,
Q0293,"À votre avis, pourquoi cette solution fonctionne-t-elle",opinion,vous,indirecte,fonctionne,您认为这个方案为什么有效……,您认为这个方案什么时候有效……|您认为应该怎么改进这个方案……,他认为这个方案为什么有效……|他们认为这个方案为什么有效……,您是否认为这个方案有效……|您是不是支持这个方案……,1,
Q0294,"À votre avis, comment peut-on améliorer la situation",opinion,vous,indirecte,peut améliorer,您认为应该怎样改善这种情况……,您认为为什么需要改善这种情况……|您认为应该什么时候行动……,他认为应该怎样改善这种情况……|他们认为应该怎样改善这种情况……,您是否认为情况需要改善……|您是不是已经有方案……,1,
Q0295,Que feriez-vous si vous aviez plus de temps,hypothetique,vous,indirecte,feriez,如果有更多时间，您会怎么做……,如果有更多时间，您为什么会这样做……|如果有更多时间，您什么时候开始……,如果有更多时间，他会怎么做……|如果有更多时间，他们会怎么做……,如果有更多时间，您是否会改变计划……|如果有更多时间，您是不是会继续现在的做法……,1,
Q0296,Qu'auriez-vous fait dans cette situation,hypothetique,vous,indirecte,auriez fait,在这种情况下，您当时会怎么做……,在这种情况下，您为什么会这么做……|在这种情况下，您当时什么时候作出决定……,在这种情况下，他当时会怎么做……|在这种情况下，他们当时会怎么做……,在这种情况下，您是否会改变决定……|在这种情况下，您是不是会选择别的做法……,1,
Q0297,Que faudrait-il faire pour éviter ce problème,solution,on,indirecte,faudrait faire,为了避免这个问题应该怎么做……,为什么需要避免这个问题……|什么时候应该采取行动……,您为了避免这个问题应该怎么做……|他们为了避免这个问题应该怎么做……,这个问题是否可以避免……|是不是已经有解决办法……,1,
Q0298,Que pourrait-on faire pour réduire les coûts,solution,on,indirecte,pourrait faire,为了降低成本可以怎么做……,为什么需要降低成本……|什么时候应该开始降低成本……,您为了降低成本可以怎么做……|他们为了降低成本可以怎么做……,成本是否可以降低……|是不是已经采取措施……,1,
Q0299,Que conseilleriez-vous à quelqu'un dans cette situation,conseil,vous,indirecte,conseilleriez,面对这种情况，您会给别人什么建议……,面对这种情况，您为什么会这样建议……|面对这种情况，您什么时候会给建议……,面对这种情况，他会给别人什么建议……|面对这种情况，他们会给别人什么建议……,您是否已经给过建议……|您是不是会建议采取别的做法……,1,
Q0300,Préféreriez-vous travailler seul ou en équipe,choix,vous,indirecte,préféreriez,您更愿意独立工作还是团队合作……,您为什么偏好这种工作方式……|您什么时候更愿意独立工作……,他更愿意独立工作还是团队合作……|他们更愿意独立工作还是团队合作……,您能否独立工作……|您是不是必须团队合作……,1,
